人卫官方资讯发布平台	教材索引
氧合血红蛋白解离曲线	教材索引
胺前体摄取和脱羧细胞	教材索引
钠-葡萄糖同向转运体	人工补充
中枢吸气活动发生器	教材索引
乙酰胆碱敏感神经元	教材索引
多肽或蛋白质类激素	教材索引
循环系统平均充盈压	教材索引
肾素血管紧张素系统	人工补充
葡萄糖的最大转运率	教材索引
适应性细胞保护作用	教材索引
食物的特殊动力作用	教材索引
二价金属转运体1	教材索引
二氧化碳解离曲线	人工补充
促生长激素释放素	教材索引
促甲状腺激素受体	教材索引
兴奋性突触后电位	人工补充
凝血酶原酶复合物	教材索引
前庭自主神经反应	教材索引
单核吞噬细胞系统	教材索引
尿液的浓缩和稀释	教材索引
心肌异长自身调节	教材索引
抑制性突触后电位	人工补充
无溶质水重吸收量	教材索引
氨基甲酰血红蛋白	教材索引
特异神经能量定律	教材索引
神经元型烟碱受体	教材索引
纤维蛋白溶解酶原	教材索引
肺泡表面活性物质	人工补充
肾上腺素能神经元	教材索引
葡萄糖重吸收极限	人工补充
蛋白酶活化受体2	教材索引
非特异性投射系统	教材索引
非突触性化学传递	教材索引
黏液碳酸氢盐屏障	人工补充
下丘脑促垂体区	教材索引
不完全强直收缩	教材索引
中枢化学感受器	教材索引
中枢温度感受器	教材索引
互感性对光反射	教材索引
交感缩血管紧张	教材索引
促红细胞生成素	人工补充
兴奋-收缩耦联	人工补充
内源性凝血途径	教材索引
再生障碍性贫血	教材索引
副交感神经系统	教材索引
化学感受性反射	教材索引
单个单位平滑肌	教材索引
压力感受性反射	教材索引
原发性主动转运	教材索引
受体阳离子通道	教材索引
呼吸相关神经元	教材索引
外周化学感受器	教材索引
外周温度感受器	教材索引
外源性凝血途径	教材索引
多个单位平滑肌	教材索引
容量感受性反射	教材索引
小脑性共济失调	教材索引
局部回路神经元	教材索引
局部神经元回路	教材索引
心交感传入反射	教材索引
情绪的生理反应	教材索引
无髓鞘神经纤维	教材索引
最大随意通气量	教材索引
有髓鞘神经纤维	教材索引
本体感受性反射	教材索引
正性变传导作用	教材索引
特异性投射系统	教材索引
甲状腺功能亢进	人工补充
甲状腺功能减退	人工补充
磷酸化级联反应	教材索引
神经元网络学说	教材索引
离子通道型受体	教材索引
红细胞渗透脆性	教材索引
纤溶酶原激活物	教材索引
经载体易化扩散	教材索引
经通道易化扩散	教材索引
继发性主动转运	教材索引
肌肉型烟碱受体	教材索引
肺表面活性物质	教材索引
肾上腺素能受体	教材索引
肾上腺素能纤维	教材索引
肾上腺髓质系统	教材索引
肾内尿素再循环	教材索引
自主性体温调节	教材索引
血浆晶体渗透压	人工补充
血浆胶体渗透压	人工补充
行为性体温调节	教材索引
酪氨酸激酶受体	人工补充
阻塞性通气不足	教材索引
限制性通气不足	教材索引
鸟苷酸结合蛋白	教材索引
上行抑制系统	教材索引
中枢神经系统	教材索引
交叉配血试验	教材索引
交感神经系统	教材索引
亨廷顿舞蹈症	教材索引
优势传导通路	教材索引
传入侧支抑制	教材索引
传导性失语症	教材索引
伤害性感受器	教材索引
位置性眼震颤	教材索引
体液控制系统	教材索引
促代谢型受体	教材索引
促离子型受体	教材索引
先天性巨结肠	教材索引
初级运动皮层	教材索引
功能性合胞体	教材索引
动脉粥样硬化	人工补充
化学门控通道	教材索引
去甲肾上腺素	人工补充
受体介导入胞	教材索引
吸气切断机制	教材索引
周围神经系统	教材索引
嗜碱性粒细胞	教材索引
嗜酸性粒细胞	教材索引
基因表达学说	教材索引
多形核白细胞	教材索引
多觉型感受器	教材索引
完全强直收缩	教材索引
对侧伸肌反射	教材索引
少突胶质细胞	教材索引
尾促皮质素3	教材索引
巨幼细胞贫血	教材索引
平均诱发电位	教材索引
异长自身调节	人工补充
张力关系曲线	教材索引
心室功能曲线	教材索引
心肌收缩能力	教材索引
心肌等长调节	教材索引
感受器的适应	人工补充
星形胶质细胞	教材索引
期自动去极化	教材索引
机械门控通道	教材索引
次级运动皮层	教材索引
正性变力作用	教材索引
正性变时作用	教材索引
毒蕈碱样作用	教材索引
气味物质受体	教材索引
液态镶嵌模型	教材索引
渗透压感受器	教材索引
甲状旁腺激素	人工补充
电压门控通道	教材索引
皮层诱发电位	教材索引
瞳孔对光反射	教材索引
瞳孔调节反射	教材索引
碳酸氢盐屏障	教材索引
神经肌肉接头	教材索引
神经胶质细胞	教材索引
第二信使学说	教材索引
等长自身调节	人工补充
红细胞沉降率	人工补充
纤维蛋白溶解	教材索引
组织因子途径	教材索引
细胞保护作用	教材索引
肌丝滑行学说	教材索引
肾小球滤过率	人工补充
胆碱能神经元	教材索引
自主神经系统	教材索引
自发脑电活动	教材索引
血管紧张素原	教材索引
血管运动神经	教材索引
褐色脂肪组织	教材索引
起搏细胞学说	教材索引
超速驱动阻抑	教材索引
跨膜信号转导	教材索引
迷走神经背核	教材索引
逆行性遗忘症	教材索引
通气血流比值	人工补充
速度关系曲线	教材索引
配体门控通道	教材索引
释放抑制激素	教材索引
铁转运蛋白1	教材索引
闸门控制理论	教材索引
阿尔茨海默病	人工补充
非基因组效应	教材索引
非联合型学习	教材索引
非陈述性记忆	教材索引
顺行性遗忘症	教材索引
黏膜下神经丛	教材索引
三原色学说	教材索引
两点辨别阈	教材索引
中心静脉压	教材索引
中性粒细胞	教材索引
交互性突触	教材索引
体温调定点	人工补充
保钾利尿剂	教材索引
内淋巴电位	教材索引
内源性凝血	人工补充
内脏平滑肌	教材索引
减慢充盈期	教材索引
减慢射血期	教材索引
前胰岛素原	教材索引
前运动皮层	教材索引
副交感神经	人工补充
功能余气量	人工补充
功能性作用	教材索引
动静脉短路	教材索引
化学性消化	教材索引
化学感受器	教材索引
化学驱动力	教材索引
单突触反射	教材索引
单线式联系	教材索引
压力性利尿	教材索引
压力感受器	教材索引
原肌球蛋白	教材索引
去大脑僵直	教材索引
去皮层僵直	教材索引
反向转运体	教材索引
反牵张反射	教材索引
发生器电位	教材索引
可兴奋细胞	教材索引
可塑变形性	教材索引
同向转运体	教材索引
呼吸神经元	教材索引
唾液淀粉酶	教材索引
喷射性呕吐	教材索引
回返式联系	教材索引
回返性抑制	教材索引
基因组效应	教材索引
基底神经节	教材索引
基础代谢率	人工补充
复制性衰老	教材索引
外周静脉压	教材索引
外源性凝血	人工补充
多突触反射	教材索引
多纤维总和	教材索引
定比重吸收	教材索引
容受性舒张	教材索引
对比色学说	教材索引
小胶质细胞	教材索引
巴宾斯基征	教材索引
平均动脉压	教材索引
库普弗细胞	教材索引
异位起搏点	教材索引
异源性受体	教材索引
弛缓性瘫痪	教材索引
心交感紧张	教材索引
心室僵硬度	教材索引
心室充盈期	教材索引
心室收缩期	教材索引
心室舒张期	教材索引
心室顺应性	教材索引
心导管检查	教材索引
心房收缩期	教材索引
心房钠尿肽	人工补充
心肺感受器	教材索引
心血管中枢	教材索引
心血管反射	教材索引
心血管系统	教材索引
心迷走紧张	教材索引
快反应细胞	教材索引
快速充盈期	教材索引
快速射血期	教材索引
悬浮稳定性	教材索引
意向性震颤	教材索引
感受器电位	教材索引
感觉失语症	教材索引
感觉运动区	教材索引
慢反应细胞	教材索引
抗利尿激素	人工补充
招募型受体	教材索引
搏出量储备	教材索引
无张力膀胱	教材索引
时间肺活量	人工补充
晶体渗透压	教材索引
最大可听阈	教材索引
最适初长度	教材索引
有效不应期	人工补充
有效滤过压	人工补充
机械性消化	教材索引
枕叶锋电位	教材索引
梭内肌纤维	教材索引
梭外肌纤维	教材索引
正常起搏点	教材索引
每分输出量	人工补充
每分通气量	人工补充
每搏输出量	教材索引
氢化可的松	教材索引
氧解离曲线	教材索引
流畅失语症	教材索引
混合微胶粒	教材索引
渗透性利尿	教材索引
潜在起搏点	教材索引
激肽释放酶	教材索引
烟碱样作用	教材索引
生理学实验	教材索引
生理性止血	人工补充
生理无效腔	教材索引
用力肺活量	人工补充
甲状腺激素	人工补充
电紧张电位	教材索引
电紧张耦联	教材索引
痉挛性瘫痪	教材索引
皮层脊髓束	教材索引
皮层脑干束	教材索引
皮质肾单位	教材索引
盐皮质激素	人工补充
直接测热法	教材索引
相对不应期	人工补充
瞳孔近反射	教材索引
短时程记忆	教材索引
碘阻滞效应	教材索引
神经内分泌	教材索引
突触前受体	教材索引
突触前抑制	教材索引
突触前易化	教材索引
突触可塑性	教材索引
突触后抑制	教材索引
突触后电位	教材索引
竞争性抑制	教材索引
等容收缩期	教材索引
等容舒张期	教材索引
类固醇激素	教材索引
糖皮质激素	人工补充
糜蛋白酶原	教材索引
紧张性收缩	教材索引
红细胞叠连	教材索引
纤维蛋白原	教材索引
缓激肽受体	教材索引
缩血管神经	教材索引
缺铁性贫血	教材索引
网织红细胞	教材索引
联合型学习	教材索引
聚合式联系	教材索引
肌源性机制	教材索引
肌源性活动	教材索引
肌肉抑制素	教材索引
肌间神经丛	教材索引
肝功能不全	教材索引
肠道微生态	教材索引
肢端肥大症	教材索引
肺扩张反射	教材索引
肺泡无效腔	教材索引
肺泡通气量	教材索引
肺牵张反射	教材索引
肺萎陷反射	教材索引
肾功能衰竭	人工补充
肾小球肾炎	人工补充
肾脏钾通道	教材索引
肾血浆流量	人工补充
胃蛋白酶原	教材索引
胃黏膜屏障	教材索引
胆碱能受体	教材索引
胆碱能系统	教材索引
胆碱能纤维	教材索引
胰岛素受体	教材索引
胰岛素抵抗	教材索引
胰蛋白酶原	教材索引
胰高血糖素	教材索引
胶体渗透压	教材索引
胸膜腔内压	教材索引
能量代谢率	教材索引
脑缺血反应	教材索引
脑脊液屏障	教材索引
脱铁铁蛋白	教材索引
自动节律性	人工补充
舒血管神经	教材索引
营养性作用	教材索引
蛋白效应器	教材索引
蛋白磷酸化	教材索引
蛋白磷酸酶	教材索引
血小板分泌	教材索引
血小板聚集	教材索引
血小板释放	教材索引
血小板黏附	教材索引
血氧饱和度	教材索引
血流动力学	教材索引
血液黏滞度	教材索引
血细胞比容	人工补充
血细胞渗出	教材索引
补充运动区	教材索引
解剖无效腔	教材索引
调定点学说	教材索引
超声心动图	教材索引
跳跃式传导	教材索引
辐散式联系	教材索引
运动失语症	教材索引
近髓肾单位	教材索引
造血干细胞	人工补充
造血微环境	教材索引
造血祖细胞	教材索引
酶联型受体	教材索引
量子式释放	教材索引
钙调磷酸酶	教材索引
钙调节激素	教材索引
钠钙交换体	人工补充
长吸式呼吸	教材索引
长时程记忆	教材索引
间接测热法	教材索引
陈述性记忆	教材索引
霍尔丹效应	教材索引
静态顺应性	教材索引
静息膜电位	教材索引
静止性震颤	教材索引
非弹性阻力	教材索引
非战栗产热	教材索引
非条件反射	教材索引
面容失认症	教材索引
颈黏液细胞	教材索引
食物的热价	教材索引
一期止血	教材索引
不感蒸发	教材索引
丘脑底核	教材索引
中枢延搁	教材索引
主动脉弓	人工补充
主动转运	教材索引
乙酰唑胺	教材索引
二期止血	教材索引
交互抑制	教材索引
交感神经	人工补充
交换电流	教材索引
交换血管	教材索引
人工呼吸	教材索引
代偿间歇	教材索引
优势半球	教材索引
优势卵泡	教材索引
体液调节	教材索引
体温过低	教材索引
依他尼酸	教材索引
侧向抑制	教材索引
促胃液素	教材索引
促胰液素	人工补充
促食欲素	教材索引
信使分子	教材索引
信号分子	教材索引
信号转导	教材索引
儿茶酚胺	教材索引
允许作用	教材索引
免疫调节	人工补充
入胞作用	教材索引
内分泌腺	教材索引
内向整流	教材索引
内生肌酐	教材索引
内脏感觉	教材索引
冠脉循环	教材索引
凝血因子	人工补充
出胞作用	教材索引
出血时间	教材索引
分子伴娘	教材索引
分子开关	教材索引
分节运动	教材索引
初步止血	教材索引
初级卵泡	教材索引
前体细胞	教材索引
前庭器官	教材索引
前庭小脑	教材索引
剪切运动	教材索引
功能初现	教材索引
动作电位	教材索引
动脉硬化	人工补充
动脉脉搏	教材索引
动脉血压	教材索引
化学突触	教材索引
协同作用	教材索引
单向传播	教材索引
单核细胞	教材索引
单眼视觉	教材索引
单纯扩散	教材索引
卵泡闭锁	教材索引
原始卵泡	教材索引
去同步化	教材索引
双眼视觉	教材索引
反向定型	教材索引
反向转运	教材索引
反射运动	教材索引
变力状态	教材索引
口腔温度	教材索引
可感蒸发	教材索引
同向转运	教材索引
后超极化	教材索引
吞噬作用	教材索引
吞饮作用	教材索引
吸气运动	教材索引
周期募集	教材索引
味觉物质	教材索引
呼吸中枢	教材索引
呼吸困难	教材索引
呼吸系统	教材索引
呼吸节律	教材索引
呼吸衰竭	人工补充
呼吸运动	教材索引
呼气运动	教材索引
咳嗽反射	教材索引
喘息中枢	教材索引
喷嚏反射	教材索引
围绝经期	教材索引
固醇激素	教材索引
型钙通道	教材索引
基本单元	教材索引
基础代谢	教材索引
基础分泌	教材索引
大小原则	教材索引
奖赏系统	教材索引
姿势反射	教材索引
容积曲线	教材索引
容量血管	教材索引
射乳反射	教材索引
射血分数	教材索引
局部电位	教材索引
局部电流	教材索引
屈光不正	教材索引
屈肌反射	教材索引
工作细胞	教材索引
巨噬细胞	教材索引
巨核细胞	教材索引
帕金森病	人工补充
平衡感觉	教材索引
平衡电位	教材索引
平静呼吸	教材索引
应急反应	教材索引
弹性阻力	教材索引
循环系统	教材索引
心力储备	教材索引
心力衰竭	人工补充
心动周期	教材索引
心律失常	人工补充
心泵功能	教材索引
心率储备	教材索引
心肌梗死	人工补充
心肌缺血	人工补充
心输出量	教材索引
急性实验	教材索引
恶性循环	教材索引
恶性高热	教材索引
惩罚系统	教材索引
惯性阻力	教材索引
感觉单位	教材索引
感觉器官	教材索引
慢性实验	教材索引
成分输血	教材索引
战栗产热	教材索引
房室延搁	教材索引
扩散系数	教材索引
抑制激素	教材索引
抗凝血酶	教材索引
抢先占领	教材索引
拮抗作用	教材索引
换能作用	教材索引
排便反射	教材索引
排尿反射	教材索引
接头前膜	教材索引
接头后膜	教材索引
接头电位	教材索引
接头间隙	教材索引
搔爬反射	教材索引
摄食中枢	教材索引
收缩总和	教材索引
收缩效能	教材索引
收缩耦联	教材索引
收缩能力	教材索引
收缩蛋白	教材索引
放置反应	教材索引
新陈代谢	教材索引
施万细胞	教材索引
时间常数	教材索引
时间总和	教材索引
易化扩散	教材索引
最后公路	教材索引
月经周期	教材索引
期前兴奋	教材索引
期前收缩	教材索引
本体感觉	教材索引
本能行为	教材索引
机械耦联	教材索引
条件反射	教材索引
横桥周期	教材索引
次级卵泡	教材索引
正向定型	教材索引
比奥呼吸	教材索引
比顺应性	教材索引
气味物质	教材索引
气道阻力	教材索引
氧离曲线	人工补充
氧饱和度	教材索引
波尔效应	教材索引
液相入胞	教材索引
淋巴系统	教材索引
淋巴细胞	教材索引
溶剂拖曳	教材索引
滤过分数	人工补充
滤过平衡	教材索引
牵张反射	教材索引
状态反射	人工补充
球抑胃素	教材索引
球旁细胞	教材索引
球管平衡	人工补充
生物节律	教材索引
生长激素	人工补充
用力呼吸	教材索引
甲状腺素	教材索引
甲状腺轴	教材索引
白蛋白尿	教材索引
皮层小脑	教材索引
直小血管	教材索引
直捷通路	教材索引
直接动力	教材索引
直接通路	教材索引
直肠温度	教材索引
短期调节	教材索引
碳酸氢盐	教材索引
神经分泌	教材索引
神经垂体	人工补充
神经系统	教材索引
神经纤维	教材索引
神经细胞	教材索引
神经调节	教材索引
神经调质	教材索引
神经递质	教材索引
空间常数	教材索引
空间总和	教材索引
突触传递	人工补充
突触压抑	教材索引
突触囊泡	教材索引
突触效能	教材索引
突触易化	教材索引
窦性节律	教材索引
立体视觉	教材索引
竞争作用	教材索引
第二信使	教材索引
等张收缩	教材索引
等张溶液	教材索引
等渗溶液	教材索引
等长收缩	教材索引
筒箭毒碱	教材索引
精子发生	教材索引
精子细胞	教材索引
精子获能	人工补充
糜蛋白酶	教材索引
纤维蛋白	教材索引
组织换气	教材索引
细胞内液	教材索引
细胞外液	教材索引
细胞衰老	教材索引
终板电位	人工补充
缝隙连接	教材索引
缩胆囊素	人工补充
翻正反射	人工补充
肌动蛋白	教材索引
肌球蛋白	教材索引
肌钙蛋白	教材索引
肠抑胃素	教材索引
肠泌酸素	教材索引
肠肝循环	教材索引
肺通气量	教材索引
肺顺应性	人工补充
肾上腺素	人工补充
肾血流量	人工补充
胃肠激素	教材索引
胃蛋白酶	教材索引
胆钙化醇	教材索引
胎盘屏障	教材索引
胞内分泌	教材索引
胞膜受体	教材索引
胰岛素原	教材索引
胰淀粉酶	教材索引
胰脂肪酶	教材索引
胰蛋白酶	教材索引
胸式呼吸	教材索引
胺类激素	教材索引
能量代谢	教材索引
能量平衡	教材索引
脂类激素	教材索引
脊髓休克	教材索引
脊髓动物	教材索引
脊髓小脑	教材索引
腋下温度	教材索引
腹下神经	教材索引
腹式呼吸	教材索引
膜泡运输	教材索引
自体输血	教材索引
自律细胞	教材索引
自我更新	教材索引
自身受体	教材索引
自身调节	教材索引
节律运动	教材索引
节间反射	教材索引
蛋白激酶	教材索引
融合现象	教材索引
血栓形成	人工补充
血氧含量	教材索引
血氧容量	教材索引
血流比值	教材索引
血流阻力	教材索引
血浆蛋白	教材索引
血液凝固	教材索引
血液循环	教材索引
补吸气量	人工补充
补呼气量	人工补充
表面张力	教材索引
被动转运	教材索引
视杆细胞	教材索引
视锥细胞	教材索引
解离曲线	教材索引
调节蛋白	教材索引
超短反馈	教材索引
趋化因子	教材索引
跨膜电位	教材索引
跳跃反应	教材索引
躯体感觉	教材索引
转接蛋白	教材索引
轴浆运输	教材索引
辐辏反射	教材索引
迂回通路	教材索引
运动前区	教材索引
运动单位	教材索引
近曲小管	教材索引
远曲小管	教材索引
远距分泌	教材索引
迷走反射	教材索引
追赶生长	教材索引
适宜刺激	教材索引
逃避反应	教材索引
逆向运输	教材索引
逆流交换	教材索引
逆流倍增	教材索引
递质共存	教材索引
酶复合物	教材索引
释放激素	教材索引
释放通道	教材索引
钾漏通道	教材索引
长吸中枢	教材索引
长度常数	教材索引
长期调节	教材索引
闭环系统	教材索引
间接通路	教材索引
防御反应	教材索引
阴部神经	教材索引
阿米洛利	教材索引
降压反射	教材索引
随意运动	教材索引
雄烯二酮	教材索引
集团蠕动	教材索引
静息张力	人工补充
静息电位	教材索引
顶体反应	人工补充
顺向运输	教材索引
颈动脉窦	人工补充
频率总和	教材索引
颗粒细胞	教材索引
餐后碱潮	教材索引
骨质疏松	人工补充
髓质高渗	人工补充
黏滞阻力	教材索引
三联体	教材索引
三联管	人工补充
下丘脑	人工补充
主细胞	教材索引
习惯化	教材索引
二联体	教材索引
传导性	教材索引
低常期	人工补充
低渗尿	教材索引
低血压	人工补充
侏儒症	教材索引
促激素	教材索引
全或无	教材索引
关节炎	人工补充
兴奋性	教材索引
内分泌	教材索引
内呼吸	教材索引
内啡肽	教材索引
内因子	教材索引
内环境	教材索引
内皮素	人工补充
内脏痛	教材索引
冠心病	人工补充
冷习服	教材索引
凝血酶	教材索引
凝集原	教材索引
凝集素	教材索引
初长度	教材索引
前负荷	教材索引
半规管	教材索引
单收缩	教材索引
原动力	教材索引
去抑制	教材索引
去极化	教材索引
反极化	教材索引
同步化	教材索引
后发放	教材索引
后负荷	教材索引
呋塞米	教材索引
呼吸功	教材索引
呼吸商	人工补充
呼吸膜	教材索引
嗅敏度	教材索引
基因型	教材索引
壁细胞	教材索引
声阻抗	教材索引
壶腹嵴	教材索引
复极化	教材索引
外呼吸	教材索引
外泌体	教材索引
夜盲症	教材索引
失写症	教材索引
失活态	教材索引
失用症	教材索引
失算症	教材索引
失读症	教材索引
婴儿期	教材索引
孕激素	教材索引
室旁核	教材索引
容积环	教材索引
射血期	教材索引
小管液	教材索引
尾状核	教材索引
尿失禁	教材索引
尿崩症	教材索引
尿毒症	人工补充
尿潴留	教材索引
巨人症	教材索引
平台期	教材索引
微循环	教材索引
微胶粒	教材索引
心指数	教材索引
心绞痛	人工补充
心音图	教材索引
快动相	教材索引
快通道	教材索引
性兴奋	教材索引
性成熟	教材索引
性行为	教材索引
感受器	教材索引
感受野	教材索引
感觉柱	教材索引
慢动相	教材索引
慢通道	教材索引
抑制区	教材索引
抑制素	教材索引
拮抗剂	教材索引
收缩压	教材索引
收缩性	教材索引
收缩期	教材索引
敏感化	教材索引
施呼吸	教材索引
旁分泌	教材索引
明视觉	教材索引
明适应	教材索引
易化区	教材索引
暗电流	教材索引
暗视觉	教材索引
暗适应	教材索引
曲张体	教材索引
机械阈	教材索引
松弛素	教材索引
树突棘	教材索引
核受体	教材索引
椭圆囊	教材索引
横小管	人工补充
正反馈	教材索引
正视眼	教材索引
残气量	人工补充
每分功	教材索引
每搏功	教材索引
气传导	教材索引
氧含量	教材索引
氧容量	教材索引
氧热价	教材索引
氯转移	教材索引
水利尿	教材索引
水通道	教材索引
淋巴液	人工补充
渗透压	教材索引
滤过膜	教材索引
潮气量	人工补充
激动剂	教材索引
激活态	教材索引
激肽原	教材索引
热习服	教材索引
热舒适	教材索引
牵涉痛	教材索引
球旁器	教材索引
生物电	教材索引
生理学	教材索引
电压钳	教材索引
电突触	教材索引
白三烯	教材索引
皮层柱	教材索引
皮质酮	教材索引
皮质醇	教材索引
盆神经	教材索引
眼内压	教材索引
眼震颤	教材索引
睾屏障	教材索引
短反馈	教材索引
碘捕获	教材索引
碱中毒	人工补充
神经元	教材索引
离子泵	教材索引
科蒂器	教材索引
简化眼	教材索引
管平衡	教材索引
粒细胞	教材索引
糖尿病	教材索引
纤溶酶	教材索引
组织液	人工补充
终板膜	教材索引
绝经期	教材索引
缓激肽	教材索引
肌小节	人工补充
肌浆网	人工补充
肌紧张	教材索引
肌肉素	教材索引
肝硬化	人工补充
肝衰竭	教材索引
肠屏障	教材索引
肠激酶	教材索引
肺容积	教材索引
肺容量	教材索引
肺循环	教材索引
肺换气	教材索引
肺活量	人工补充
肺结核	人工补充
肺通气	教材索引
肾单位	教材索引
肾小球	教材索引
肾糖阈	教材索引
胃反射	教材索引
胃排空	教材索引
胃溃疡	人工补充
胰岛素	教材索引
胰岛轴	教材索引
胸膜腔	教材索引
脂联素	教材索引
脉搏压	教材索引
脊休克	人工补充
脑屏障	教材索引
脱碘酶	教材索引
腔分泌	教材索引
腱反射	教材索引
腱器官	教材索引
腺垂体	人工补充
膜片钳	教材索引
膜电位	教材索引
自分泌	教材索引
自律性	教材索引
致密斑	教材索引
舒张压	教材索引
舒张期	教材索引
苍白球	教材索引
蛋白尿	教材索引
螺旋器	教材索引
蠕动冲	教材索引
血友病	教材索引
血流量	教材索引
血清素	教材索引
血细胞	教材索引
表现型	教材索引
裂孔素	教材索引
视上核	教材索引
视后像	教材索引
视敏度	教材索引
视网膜	教材索引
视色素	教材索引
视蛋白	教材索引
视黄醛	教材索引
触觉阈	教材索引
负反馈	教材索引
质子泵	教材索引
超常期	人工补充
超极化	教材索引
超滤液	教材索引
趋化性	教材索引
辅脂酶	教材索引
运动柱	教材索引
近反射	教材索引
连接肽	教材索引
适应性	教材索引
郎飞结	教材索引
酸中毒	人工补充
醛固酮	教材索引
重吸收	教材索引
重摄取	教材索引
重调定	教材索引
钙三醇	教材索引
钙火花	教材索引
钠钾泵	人工补充
铁蛋白	教材索引
铁过载	教材索引
锋电位	教材索引
长反馈	教材索引
阈刺激	教材索引
阈强度	教材索引
阈电位	教材索引
阻断剂	教材索引
阿托品	教材索引
阿片肽	教材索引
降钙素	人工补充
雌激素	教材索引
青光眼	教材索引
青春期	教材索引
静息态	教材索引
靶腺轴	教材索引
顺应性	教材索引
饱中枢	教材索引
骨传导	教材索引
骨吸收	教材索引
骨形成	教材索引
骨泌素	教材索引
高渗尿	教材索引
高血压	人工补充
鸢尾素	教材索引
上调	教材索引
下调	教材索引
串话	教材索引
习服	教材索引
产热	教材索引
休克	人工补充
传导	教材索引
低氧	教材索引
体温	教材索引
假怒	教材索引
假饲	教材索引
僵直	教材索引
入胞	人工补充
兴奋	教材索引
内化	教材索引
冲动	教材索引
凝集	教材索引
出汗	教材索引
出胞	人工补充
出血	人工补充
分压	教材索引
分娩	教材索引
分泌	教材索引
切率	教材索引
刺激	教材索引
前馈	教材索引
动机	教材索引
反射	教材索引
反馈	教材索引
发怒	教材索引
发热	人工补充
发绀	教材索引
发育	教材索引
受体	教材索引
受精	教材索引
听域	教材索引
听阈	教材索引
吸收	教材索引
吸气	教材索引
呕吐	教材索引
味蕾	教材索引
味觉	教材索引
呼吸	教材索引
呼气	教材索引
咀嚼	教材索引
哮喘	人工补充
唾液	教材索引
嗅觉	教材索引
回射	教材索引
壳核	教材索引
复视	教材索引
妊娠	教材索引
始段	教材索引
学习	教材索引
心率	教材索引
心音	教材索引
快痛	教材索引
恐惧	教材索引
情绪	教材索引
愉快	教材索引
感染	人工补充
感觉	教材索引
慢波	教材索引
慢痛	教材索引
成瘾	教材索引
扩散	教材索引
抑制	教材索引
抑郁	教材索引
排卵	教材索引
排尿	教材索引
排泄	教材索引
散光	教材索引
散热	教材索引
整合	教材索引
月经	教材索引
极化	教材索引
树突	教材索引
横桥	教材索引
横管	教材索引
止血	教材索引
气胸	教材索引
氧债	教材索引
氧化	教材索引
氧合	教材索引
水肿	人工补充
波群	教材索引
消化	教材索引
滤过	教材索引
激素	教材索引
激肽	教材索引
炎症	人工补充
焦虑	教材索引
球囊	教材索引
生殖	教材索引
生长	教材索引
电阈	教材索引
疑核	教材索引
痒觉	教材索引
痛苦	教材索引
痛觉	教材索引
瘦素	教材索引
癫痫	人工补充
白体	教材索引
盐酸	人工补充
盲点	教材索引
着床	教材索引
睡眠	教材索引
睾酮	教材索引
稳态	教材索引
突触	教材索引
精子	教材索引
精液	教材索引
纵管	教材索引
组胺	教材索引
终池	教材索引
编码	教材索引
缺氧	人工补充
老视	教材索引
耳蜗	教材索引
肌梭	教材索引
肌节	教材索引
肝素	教材索引
肠肽	教材索引
肺炎	人工补充
肾炎	人工补充
肾素	教材索引
肿痛	人工补充
胃液	教材索引
胃炎	人工补充
胃酸	教材索引
胆汁	教材索引
胎盘	教材索引
胞吐	人工补充
胞吞	人工补充
胰液	教材索引
脉压	人工补充
腺苷	教材索引
色弱	教材索引
色盲	教材索引
色觉	教材索引
蛋白	教材索引
蠕动	教材索引
血压	教材索引
血型	教材索引
血沉	人工补充
血浆	教材索引
血清	教材索引
血量	教材索引
行波	教材索引
衰老	教材索引
裂隙	教材索引
视角	教材索引
视野	教材索引
觉醒	教材索引
触点	教材索引
记忆	教材索引
调质	人工补充
贫血	教材索引
超射	教材索引
轴丘	教材索引
轴流	教材索引
轴浆	教材索引
轴突	教材索引
轴索	教材索引
轻瘫	教材索引
载体	教材索引
过敏	人工补充
近视	教材索引
远点	教材索引
远视	教材索引
适应	教材索引
造血	教材索引
遗忘	教材索引
避孕	教材索引
配体	教材索引
针刺	教材索引
钙泵	教材索引
钠泵	人工补充
钾泵	教材索引
门控	教材索引
闰盘	人工补充
间期	教材索引
阈值	教材索引
阻断	教材索引
食团	教材索引
髓袢	教材索引
黄体	教材索引
黑质	教材索引
