集号	行号	疑似误识	建议术语
P01	8	理学呀	低血压
P01	13	心理失常	心律失常
P01	209	种实验	正视眼
P01	242	脊细胞	壁细胞
P01	566	心理失常	心律失常
P01	964	解反射	近反射
P01	1014	意刺激	阈刺激
P01	1481	叫反射	腱反射
P01	1487	叫反射	腱反射
P01	1509	叫反射	腱反射
P01	1589	叫反射	腱反射
P01	2055	密细胞	壁细胞
P01	2073	绪刺激	阈刺激
P01	2078	经性奋	性兴奋
P01	2366	己调节	肌小节
P01	2377	蜜激素	雌激素
P01	3058	时候强	视后像
P01	3061	眠反射	腱反射
P01	3156	得血压	低血压
P01	3387	始上课	视上核
P02	40	心理失常	心律失常
P02	41	心理失常	心律失常
P02	138	心理市场	心律失常
P02	229	着细胞	主细胞
P02	447	着细胞	主细胞
P02	453	泄蛋白	铁蛋白
P02	461	切蛋白	铁蛋白
P02	594	理学呀	低血压
P02	1073	数蛋白	视蛋白
P02	1317	传到另	传导性
P02	1391	液化扩散	易化扩散
P02	1395	液化扩散	易化扩散
P02	1398	液化扩散	易化扩散
P02	1479	液化扩散	易化扩散
P02	1506	液化扩散	易化扩散
P02	1508	液化扩散	易化扩散
P02	1510	液化扩散	易化扩散
P02	1540	体化扩散	易化扩散
P02	2100	关进冰	冠心病
P02	2377	体化扩散	易化扩散
P02	2408	体化扩散	易化扩散
P02	2426	逆化扩散	易化扩散
P02	2449	逆化扩散	易化扩散
P02	2552	体化扩散	易化扩散
P02	2570	体化扩散	易化扩散
P02	2578	体化扩散	易化扩散
P02	2589	体化扩散	易化扩散
P02	2651	体化扩散	易化扩散
P02	2789	看通道	慢通道
P02	3051	般通道	慢通道
P02	3214	机细胞	壁细胞
P02	3240	学习药	血细胞
P02	3262	新知识	心指数
P02	3288	提华扩散	易化扩散
P02	3736	内部吸	内呼吸
P03	4	体化扩散	易化扩散
P03	21	单向转运体	反向转运体
P03	187	除细胞	主细胞
P03	204	食欲刺激	适宜刺激
P03	624	刺激颅	雌激素
P03	696	学习要	血细胞
P03	1514	激动体	激动剂
P03	1523	结抗期	拮抗剂
P03	1524	激动期	激动剂
P03	1525	结抗期	拮抗剂
P03	1565	经性分	性兴奋
P03	1966	种实验	正视眼
P03	2029	运动职	运动柱
P04	162	尿钙酸结合蛋白	鸟苷酸结合蛋白
P04	221	学习到	血细胞
P04	411	去积荟	去极化
P04	674	尿钙酸结合蛋白	鸟苷酸结合蛋白
P04	1183	基细胞	壁细胞
P04	1184	基细胞	壁细胞
P04	1187	去激活	去极化
P04	1212	内部细	内呼吸
P04	1222	脊细胞	壁细胞
P04	1228	脊细胞	壁细胞
P04	1236	脊细胞	壁细胞
P04	1236	脊细胞	壁细胞
P04	1241	脊细胞	壁细胞
P04	1242	脊细胞	壁细胞
P04	1252	脊细胞	壁细胞
P04	1275	脊细胞	壁细胞
P04	1279	脊细胞	壁细胞
P04	1287	脊细胞	壁细胞
P04	1297	脊细胞	壁细胞
P04	1304	脊细胞	壁细胞
P04	1316	分解合	肺结核
P04	1335	脊细胞	壁细胞
P04	1338	脊细胞	壁细胞
P04	1347	脊细胞	壁细胞
P04	1362	收缩卡	收缩压
P04	1363	脊细胞	壁细胞
P04	1367	脊细胞	壁细胞
P04	1370	脊细胞	壁细胞
P04	1402	脊细胞	壁细胞
P04	1423	脊细胞	壁细胞
P04	1465	尿钙酸结合蛋白	鸟苷酸结合蛋白
P04	1551	霉结合	肺结核
P05	5	着细胞	主细胞
P05	12	去激活	去极化
P05	13	去激活	去极化
P05	420	基细胞	壁细胞
P05	441	基细胞	壁细胞
P05	531	完呼吸	外呼吸
P05	750	着细胞	主细胞
P05	810	负点位	阈电位
P05	890	着细胞	主细胞
P05	1078	计划去	易化区
P06	35	续负极	壶腹嵴
P06	57	心理失常	心律失常
P06	71	有超计划	后超极化
P06	117	基细胞	壁细胞
P06	332	着细胞	主细胞
P06	875	衡点位	锋电位
P06	877	衡点位	锋电位
P06	880	衡点位	锋电位
P06	881	衡点位	锋电位
P06	885	衡点位	锋电位
P06	887	衡点位	锋电位
P06	901	衡点位	锋电位
P06	902	衡点位	锋电位
P06	903	衡点位	锋电位
P06	908	衡点位	锋电位
P06	909	衡点位	锋电位
P06	921	衡点位	锋电位
P06	926	衡点位	锋电位
P06	967	衡点位	锋电位
P06	1006	粒子能	离子泵
P06	1021	甲流通道	钾漏通道
P06	1304	基细胞	壁细胞
P06	1305	基细胞	壁细胞
P06	1419	基细胞	壁细胞
P06	1427	心理失常	心律失常
P06	1647	基细胞	壁细胞
P06	1651	础细胞	主细胞
P06	1652	基细胞	壁细胞
P06	1669	基细胞	壁细胞
P06	1678	腺体细胞	前体细胞
P06	1687	腺体细胞	前体细胞
P06	1897	风变位	锋电位
P06	1995	时候两	视后像
P06	2390	哪盖交换第	钠钙交换体
P06	2480	时候强	视后像
P06	2609	解抗器	拮抗剂
P06	2722	估刺激	阈刺激
P06	2750	压强度	阈强度
P06	2752	压强度	阈强度
P07	56	基细胞	壁细胞
P07	60	波细胞	壁细胞
P07	411	衡点位	锋电位
P07	433	衡点位	锋电位
P07	435	衡点位	锋电位
P07	600	集化区	易化区
P07	656	刺激区	雌激素
P07	676	伏刺激	阈刺激
P07	831	腹刺激	阈刺激
P07	831	伏刺激	阈刺激
P07	833	伏刺激	阈刺激
P07	886	部点位	阈电位
P07	970	衡点位	锋电位
P07	971	衡点位	锋电位
P07	978	衡点位	锋电位
P07	982	衡点位	锋电位
P07	988	衡点位	锋电位
P07	991	衡点位	锋电位
P07	999	衡点位	锋电位
P07	1002	衡点位	锋电位
P07	1141	域化区	易化区
P07	1142	域化区	易化区
P07	1213	基细胞	壁细胞
P07	1215	腺体细胞	前体细胞
P07	1223	衡点位	锋电位
P07	1229	衡点位	锋电位
P07	1231	衡点位	锋电位
P07	1338	体到周	胰岛轴
P07	1443	伏刺激	阈刺激
P07	1451	预点内	阈电位
P07	1499	基细胞	壁细胞
P08	6	心理市场	心律失常
P08	9	机细胞	壁细胞
P08	24	速复计	壶腹嵴
P08	55	去气化	去极化
P08	69	减慢摄	腱反射
P08	177	室三百	视蛋白
P08	349	有超级化	后超极化
P08	352	有超级化	后超极化
P08	449	机细胞	壁细胞
P08	453	基细胞	壁细胞
P08	622	半通道	慢通道
P08	694	半通道	慢通道
P08	742	心理失常	心律失常
P09	63	机细胞	壁细胞
P09	63	机细胞	壁细胞
P09	64	机细胞	壁细胞
P09	72	机细胞	壁细胞
P09	78	机细胞	壁细胞
P09	132	烂氨酸基酶受体	酪氨酸激酶受体
P09	440	着细胞	主细胞
P09	833	集细胞	壁细胞
P09	1032	基细胞	壁细胞
P09	1033	基细胞	壁细胞
P09	1034	基细胞	壁细胞
P09	1040	基细胞	壁细胞
P09	1214	机细胞	壁细胞
P09	1215	机细胞	壁细胞
P09	1223	机细胞	壁细胞
P09	1398	伏刺激	阈刺激
P09	1398	刺激足	雌激素
P09	1551	急松剂	激动剂
P09	1664	肌肉无	肌肉素
P09	1835	鸡细胞	壁细胞
P09	1844	鸡细胞	壁细胞
P09	1857	粗基丝	促激素
P09	1858	鸡细胞	壁细胞
P09	1862	粗基丝	促激素
P09	1863	粗基丝	促激素
P09	1874	粗基丝	促激素
P09	1897	粗基丝	促激素
P09	1924	粗基丝	促激素
P09	1939	粗基丝	促激素
P09	1946	粗基丝	促激素
P09	1948	粗基丝	促激素
P09	1953	粗基丝	促激素
P09	1961	粗基丝	促激素
P09	1984	颗基细胞	颗粒细胞
P09	1984	基细胞	壁细胞
P09	2013	粗基斯	促激素
P09	2017	粗基斯	促激素
P09	2019	粗基斯	促激素
P09	2042	粗基斯	促激素
P09	2314	基细胞	壁细胞
P09	2347	基细胞	壁细胞
P09	2355	基细胞	壁细胞
P09	2366	基细胞	壁细胞
P09	2370	基细胞	壁细胞
P09	2375	基细胞	壁细胞
P09	2378	基细胞	壁细胞
P09	2475	基细胞	壁细胞
P09	2478	基细胞	壁细胞
P09	2480	基细胞	壁细胞
P09	2600	录细胞	粒细胞
P09	2729	基细胞	壁细胞
P09	2734	基细胞	壁细胞
P09	2735	基细胞	壁细胞
P09	2753	基细胞	壁细胞
P09	2759	基细胞	壁细胞
P09	2775	粗基丝	促激素
P09	2793	粗基丝	促激素
P09	2808	粗基丝	促激素
P09	2815	肌肉具	肌肉素
P09	2824	粗基丝	促激素
P09	2826	粗基丝	促激素
P09	2875	粗基丝	促激素
P09	2883	粗基丝	促激素
P09	2901	粗基丝	促激素
P09	2903	粗基丝	促激素
P09	2955	粗基丝	促激素
P09	2961	粗基丝	促激素
P09	2967	粗基丝	促激素
P09	3032	械蛋白	铁蛋白
P09	3034	械蛋白	铁蛋白
P09	3038	械蛋白	铁蛋白
P09	3057	械蛋白	铁蛋白
P09	3089	基钉蛋白	肌动蛋白
P09	3212	粗机丝	促激素
P09	3217	械蛋白	铁蛋白
P09	3259	械蛋白	铁蛋白
P09	3439	械蛋白	铁蛋白
P09	3443	械蛋白	铁蛋白
P09	3451	械蛋白	铁蛋白
P09	3551	基细胞	壁细胞
P09	3654	皮层支	皮层柱
P09	3659	来呼吸	外呼吸
P09	3696	呼气膜	呼吸膜
P09	4158	脂细胞	主细胞
P09	4159	脂细胞	主细胞
P10	137	肌结长	肌紧张
P10	315	粗鸡丝	促激素
P10	316	粗鸡丝	促激素
P10	321	粗鸡丝	促激素
P10	326	始复习	施呼吸
P10	492	肌肉具	肌肉素
P10	507	胃容积	肺容积
P10	662	肌肉毒	肌肉素
P10	788	粗鸡丝	促激素
P10	794	粗鸡丝	促激素
P10	1055	粗鸡丝	促激素
P10	1100	到血压	高血压
P10	1456	步刺激	阈刺激
P10	1479	械蛋白	铁蛋白
P10	1497	机细胞	壁细胞
P10	1553	记细胞	壁细胞
P10	1561	记细胞	壁细胞
P10	1568	记细胞	壁细胞
P10	1607	机械欧	机械阈
P10	1653	贸通道	慢通道
P10	1901	去激活	去极化
P10	1934	物传导	骨传导
P10	1954	自动解离性	自动节律性
P11	124	感觉奇怪	感觉器官
P11	246	脉凹呀	脉搏压
P11	319	部点位	阈电位
P11	471	细细胞	壁细胞
P11	473	细细胞	壁细胞
P11	481	细细胞	壁细胞
P11	635	名师名	明适应
P12	596	肺脏通	内脏痛
P12	597	冲吸收	重吸收
P12	695	子球蛋白	肌球蛋白
P12	715	比球蛋白	肌球蛋白
P12	778	着细胞	主细胞
P12	980	液化扩散	易化扩散
P12	1014	去激活	去极化
P12	1093	体化扩散	易化扩散
P13	14	组织已	组织液
P13	314	熟细胞	主细胞
P13	356	熟细胞	主细胞
P13	358	熟细胞	主细胞
P13	586	聚质细胞	巨噬细胞
P13	965	形性本	性兴奋
P13	1064	只往膜	视网膜
P13	1100	细胞摔倒	细胞衰老
P13	2311	脉呼吸	外呼吸
P13	2422	熟细胞	主细胞
P13	2474	胜肠激素	生长激素
P13	2655	死细胞	壁细胞
P13	2664	聚属细胞	巨噬细胞
P13	2664	属细胞	主细胞
P13	2665	聚属细胞	巨噬细胞
P13	2665	属细胞	主细胞
P13	2717	着细胞	主细胞
P14	18	素吸收	骨吸收
P14	68	去形成	骨形成
P14	231	物形成	骨形成
P14	699	复返归	负反馈
P14	866	版收缩	单收缩
P14	1038	激血压	低血压
P14	1169	机械堵	机械阈
P14	1279	机械物	机械阈
P14	1298	剂细胞	壁细胞
P14	1427	板收缩	单收缩
P14	1427	收缩情	收缩性
P15	176	些交通	心绞痛
P15	478	去激活	去极化
P15	482	去激活	去极化
P15	546	去激活	去极化
P15	567	去激活	去极化
P15	835	去激活	去极化
P15	1055	完呼吸	外呼吸
P15	1356	心肌梗塞	心肌梗死
P15	1646	理学呀	低血压
P15	1683	聚质细胞	巨噬细胞
P15	1683	批细胞	壁细胞
P15	1722	低血液	低血压
P15	1739	呼吸声	呼吸商
P15	1987	凝聚元	凝集原
P15	1996	凝聚元	凝集原
P15	2002	凝聚元	凝集原
P16	10	心理市场	心律失常
P16	14	心理市场	心律失常
P16	18	习细胞	壁细胞
P16	20	能电位	锋电位
P16	20	机细胞	壁细胞
P16	21	机细胞	壁细胞
P16	21	心理市场	心律失常
P16	22	心理市场	心律失常
P16	25	学习到	血细胞
P16	25	心理市场	心律失常
P16	43	新知识	心指数
P16	82	心理失常	心律失常
P16	92	心理失常	心律失常
P16	94	心理失常	心律失常
P16	304	基细胞	壁细胞
P16	306	蜜细胞	壁细胞
P16	365	收缩细	收缩期
P16	386	腺体细胞	前体细胞
P16	405	细细胞	壁细胞
P16	406	细细胞	壁细胞
P16	439	机细胞	壁细胞
P16	606	心理失常	心律失常
P16	663	心理失常	心律失常
P16	797	积细胞	壁细胞
P16	835	积细胞	壁细胞
P16	842	机细胞	壁细胞
P17	8	细细胞	壁细胞
P17	8	线体细胞	前体细胞
P17	12	自理细胞	自律细胞
P17	14	际细胞	壁细胞
P17	95	甲流通道	钾漏通道
P17	109	甲流通道	钾漏通道
P17	142	忆电位	阈电位
P17	194	集细胞	壁细胞
P17	195	机细胞	壁细胞
P17	227	机细胞	壁细胞
P17	229	机细胞	壁细胞
P17	253	速复即	壶腹嵴
P17	254	速复即	壶腹嵴
P17	256	速复即	壶腹嵴
P17	264	机细胞	壁细胞
P17	273	机细胞	壁细胞
P17	293	机细胞	壁细胞
P17	299	己细胞	壁细胞
P17	394	速附计	壶腹嵴
P17	403	速附计	壶腹嵴
P17	458	生物链	生物电
P17	462	基细胞	壁细胞
P17	471	积细胞	壁细胞
P17	472	积细胞	壁细胞
P17	476	积细胞	壁细胞
P17	780	纪细胞	壁细胞
P17	787	纪细胞	壁细胞
P17	789	基细胞	壁细胞
P17	891	速复计	壶腹嵴
P18	13	基细胞	壁细胞
P18	16	衡点位	锋电位
P18	16	衡点位	锋电位
P18	105	酸症度	酸中毒
P18	405	机细胞	壁细胞
P18	527	基细胞	壁细胞
P18	576	机细胞	壁细胞
P18	738	虚极化	去极化
P18	897	机细胞	壁细胞
P18	963	速复机	壶腹嵴
P18	969	入复机	壶腹嵴
P18	980	机细胞	壁细胞
P18	986	机细胞	壁细胞
P18	987	机细胞	壁细胞
P18	995	机细胞	壁细胞
P18	1010	纳甲梦	钠钾泵
P18	1018	机细胞	壁细胞
P18	1027	纳甲梦	钠钾泵
P18	1030	机细胞	壁细胞
P18	1034	纳甲梦	钠钾泵
P18	1034	机细胞	壁细胞
P18	1037	机细胞	壁细胞
P18	1038	机细胞	壁细胞
P18	1048	机细胞	壁细胞
P18	1055	机细胞	壁细胞
P18	1060	机细胞	壁细胞
P18	1067	机细胞	壁细胞
P18	1137	基细胞	壁细胞
P18	1238	基细胞	壁细胞
P18	1239	基细胞	壁细胞
P18	1242	基细胞	壁细胞
P18	1267	基细胞	壁细胞
P18	1296	基细胞	壁细胞
P18	1337	基细胞	壁细胞
P18	1342	基细胞	壁细胞
P18	1359	基细胞	壁细胞
P18	1368	基细胞	壁细胞
P18	1375	基细胞	壁细胞
P18	1401	去旗化	去极化
P18	1408	去旗化	去极化
P18	1594	机细胞	壁细胞
P18	1615	际细胞	壁细胞
P18	1626	积细胞	壁细胞
P18	1627	积细胞	壁细胞
P18	1698	机细胞	壁细胞
P18	1739	虚极化	去极化
P18	1748	虚极化	去极化
P18	1758	虚极化	去极化
P18	1789	糊计划	去极化
P18	1842	基细胞	壁细胞
P18	1863	气自动虚极化	期自动去极化
P18	1863	虚极化	去极化
P19	124	去点位	阈电位
P19	127	心理失常	心律失常
P19	129	心理失常	心律失常
P19	133	心理失常	心律失常
P19	173	半通道	慢通道
P19	178	伏刺激	阈刺激
P19	244	外密密	外泌体
P19	311	机细胞	壁细胞
P19	421	变压钳	电压钳
P19	848	机细胞	壁细胞
P19	860	机细胞	壁细胞
P19	884	机细胞	壁细胞
P19	894	机细胞	壁细胞
P19	1349	子分析	自分泌
P19	1433	复电位	阈电位
P19	1668	基细胞	壁细胞
P19	1670	基细胞	壁细胞
P19	1673	基细胞	壁细胞
P19	1712	步传导	骨传导
P19	1724	续传到	骨传导
P19	1761	心室数	心指数
P19	1868	基细胞	壁细胞
P19	1872	基细胞	壁细胞
P19	1889	基细胞	壁细胞
P19	1987	机细胞	壁细胞
P19	2264	心理视场	心律失常
P19	2266	心理视场	心律失常
P19	2406	机细胞	壁细胞
P19	2416	机细胞	壁细胞
P20	5	去细化	去极化
P20	5	超细化	超极化
P20	30	动作联位	动作电位
P20	34	部传导	骨传导
P20	45	动作变位	动作电位
P20	56	动作变位	动作电位
P20	61	记细胞	壁细胞
P20	119	机细胞	壁细胞
P20	629	减慢摄	腱反射
P20	655	减慢摄	腱反射
P20	969	舒张发	舒张压
P20	2489	基细胞	壁细胞
P20	2676	子分母	自分泌
P20	2776	肌肉固	肌肉素
P20	2811	异肠自身调节	异长自身调节
P20	2922	粗鸡丝	促激素
P20	2983	理传导	气传导
P21	39	基细胞	壁细胞
P21	40	基细胞	壁细胞
P21	58	基细胞	壁细胞
P21	100	触细胞	主细胞
P21	632	体紧张	肌紧张
P21	950	脾细胞	壁细胞
P21	1299	主动脉总	主动脉弓
P21	1522	甲状腺附	甲状腺素
P21	1579	质度正	失读症
P21	2735	心室书	心指数
P21	3145	子血压	低血压
P21	3352	离休克	脊休克
P21	3361	得血压	低血压
P21	3415	保证舒	饱中枢
P21	3479	比血压	低血压
P22	23	心扎术	心指数
P22	62	组织疏松	骨质疏松
P22	148	内容记	肺容积
P22	199	比血压	低血压
P22	252	神经关	神经元
P22	436	减慢摄	腱反射
P22	611	然收缩	单收缩
P22	632	脏容量	氧容量
P22	1518	呼吸同	呼吸功
P22	1519	晚呼吸	外呼吸
P23	5	时候两	视后像
P23	492	阳总量	氧容量
P23	568	素吸收	骨吸收
P23	573	凝血门	凝血酶
P23	575	凝血门	凝血酶
P24	43	感受压	感受野
P24	101	内脏供	内脏痛
P24	109	叫反射	腱反射
P24	144	期长期	低常期
P24	227	去激活	去极化
P24	237	气自动去医化	期自动去极化
P24	237	去医化	去极化
P24	256	心理失常	心律失常
P24	267	纳开交换体	钠钙交换体
P24	267	激活盖	激活态
P24	270	激活盖	激活态
P24	295	丝细胞	壁细胞
P24	392	机细胞	壁细胞
P24	399	机细胞	壁细胞
P24	443	虚极化	去极化
P24	993	缸容量	氧容量
P24	1177	到中树	饱中枢
P24	1214	节叫反射	节间反射
P24	1214	叫反射	腱反射
P24	1215	叫反射	腱反射
P24	1330	高种树	饱中枢
P24	1741	音反射	近反射
P24	1761	音反射	近反射
P24	1765	音反射	近反射
P24	1769	音反射	近反射
P24	1779	音反射	近反射
P24	2204	基态换	激肽原
P24	2254	基态缓	激肽原
P24	2308	比紧张	肌紧张
P24	2319	皮质基素	抑制激素
P24	2320	皮质基素	抑制激素
P24	2501	球膀器	球旁器
P24	2503	球膀细胞	球旁细胞
P24	2511	球膀器	球旁器
P24	2527	础细胞	主细胞
P24	2533	础细胞	主细胞
P24	2596	肾肠腺素	肾上腺素
P24	2598	肾肠腺素	肾上腺素
P24	2634	肾肠腺素	肾上腺素
P24	2654	肾肠腺素	肾上腺素
P24	2712	使用生	失用症
P24	2829	定兴奋	性兴奋
P24	3036	基细胞	壁细胞
P24	3039	基细胞	壁细胞
P24	3124	康林药剂素	抗利尿激素
P24	3224	叫器官	腱器官
P25	1265	时候胸	视后像
P26	213	力顺应性	比顺应性
P26	595	法治美	辅脂酶
P26	623	肺脏通	内脏痛
P26	1062	始呼气	施呼吸
P26	1082	学习要	血细胞
P26	1553	气道周	胰岛轴
P26	1585	道收缩	单收缩
P26	1612	道收缩	单收缩
P27	436	积量往	肌浆网
P27	474	肺泡呼小腔	肺泡无效腔
P27	524	解剖呼啸腔	解剖无效腔
P28	305	来呼吸	外呼吸
P28	521	着细胞	主细胞
P29	39	时候两	视后像
P29	1224	位溶积	肺容积
P29	1382	基细胞	壁细胞
P29	1386	基细胞	壁细胞
P29	1739	氧气曲线	氧离曲线
P29	1985	实用性	适应性
P30	96	氨基甲铅血红蛋白	氨基甲酰血红蛋白
P30	101	氨基甲铅血红蛋白	氨基甲酰血红蛋白
P30	202	学习要	血细胞
P30	238	呼吸动	呼吸功
P30	263	氨基钾鲜血红代白	氨基甲酰血红蛋白
P31	87	来呼吸	外呼吸
P31	211	始呼气	施呼吸
P31	365	虚极化	去极化
P31	407	呼吸动	呼吸功
P31	730	经适应	明适应
P31	746	经适应	明适应
P31	811	至呼吸	施呼吸
P31	892	意长期	低常期
P31	1102	学习好	血细胞
P32	23	时间长熟	时间常数
P32	29	呼吸圣	呼吸商
P32	36	基细胞	壁细胞
P32	39	机制去	抑制区
P32	74	结抗器	拮抗剂
P32	78	结抗器	拮抗剂
P32	224	方分泌	旁分泌
P32	259	生长益素	生长激素
P32	374	氧分泌	旁分泌
P32	374	氧分泌	旁分泌
P32	479	素吸收	骨吸收
P32	1110	氧分泌	旁分泌
P32	1110	氧分泌	旁分泌
P32	1182	心反射	近反射
P32	1216	心反射	近反射
P33	147	机细胞	壁细胞
P33	167	纳甲棒	钠钾泵
P33	168	纳甲棒	钠钾泵
P33	171	纳甲棒	钠钾泵
P33	302	去异化	去极化
P33	341	反收缩	单收缩
P33	495	肌动力	激动剂
P33	527	基细胞	壁细胞
P33	800	肠盖循环	肠肝循环
P33	862	阻抑制	去抑制
P33	864	阻抑制	去抑制
P33	1223	到内分泌	胞内分泌
P33	1315	相分泌	腔分泌
P33	1420	乳激素	促激素
P33	1422	乳激素	促激素
P33	1423	乳激素	促激素
P33	1440	乳激素	促激素
P33	1464	脾细胞	壁细胞
P33	1477	脾细胞	壁细胞
P33	1487	复返会	负反馈
P33	1919	数障碍	舒张期
P33	1993	液电分酶	胰淀粉酶
P33	2094	心知识	心指数
P33	2225	物形成	骨形成
P33	2225	形成湿	性成熟
P34	15	完呼吸	外呼吸
P34	61	明时节	明视觉
P34	971	呼吸胜	呼吸商
P34	1132	残后减少	餐后碱潮
P34	1169	残后减少	餐后碱潮
P34	1191	纳甲蚌	钠钾泵
P34	1340	微黛白美	胃蛋白酶
P34	1344	长期美	肠激酶
P34	1345	微黛白美	胃蛋白酶
P34	1348	微黛白美	胃蛋白酶
P34	1351	微黛白美	胃蛋白酶
P34	1356	微黛白美	胃蛋白酶
P34	1701	生长益素	生长激素
P34	1725	生长益素	生长激素
P34	1785	氧分泌	旁分泌
P34	1786	氧分泌	旁分泌
P34	1849	失常核	视上核
P34	1875	气分泌	自分泌
P34	2004	气分泌	自分泌
P34	2072	气分泌	自分泌
P34	2135	气分泌	自分泌
P34	2143	基细胞	壁细胞
P34	2165	气分泌	自分泌
P34	2167	气分泌	自分泌
P34	2169	气分泌	自分泌
P34	2194	气分泌	自分泌
P34	2204	气分泌	自分泌
P34	2227	气分泌	自分泌
P34	2242	气分泌	自分泌
P34	2301	步刺激	阈刺激
P34	2352	内激素	内皮素
P34	2436	类结合	肺结核
P34	2440	记细胞	壁细胞
P34	2758	数张日	舒张期
P34	2879	慢收缩	单收缩
P34	2897	天复合	前负荷
P34	3154	能量代谢里	能量代谢率
P35	70	心知识	心指数
P35	204	未代白酶元	胃蛋白酶原
P35	204	未代白酶	胃蛋白酶
P35	206	乙代白酶元	胰蛋白酶原
P35	207	乙代白酶元	胰蛋白酶原
P35	278	时候强	视后像
P35	367	糜带白酶	糜蛋白酶
P35	376	糜带白酶	糜蛋白酶
P35	386	糜带白酶	糜蛋白酶
P35	389	胰带白酶原	胰蛋白酶原
P35	394	胰带白酶原	胰蛋白酶原
P35	410	胰带白酶原	胰蛋白酶原
P35	419	去激活	去极化
P35	436	胰带白酶原	胰蛋白酶原
P35	436	胰带白酶原	胰蛋白酶原
P35	527	氧分泌	旁分泌
P35	528	氧分泌	旁分泌
P35	530	氧分泌	旁分泌
P35	588	复返会	负反馈
P35	624	氧分泌	旁分泌
P35	624	氧分泌	旁分泌
P35	626	氧分泌	旁分泌
P35	627	氧分泌	旁分泌
P35	849	呼吸胜	呼吸商
P35	1169	去激活	去极化
P35	1799	内部细	内呼吸
P35	1884	食物吸	施呼吸
P35	1884	物吸收	骨吸收
P35	1907	食物吸	施呼吸
P35	1907	物吸收	骨吸收
P35	2174	五吸收	骨吸收
P35	2186	组吸收	骨吸收
P35	2427	体化扩散	易化扩散
P35	2436	体化扩散	易化扩散
P36	4	完呼吸	外呼吸
P36	128	氧气曲线	氧离曲线
P36	144	氧气曲线	氧离曲线
P36	394	带呼吸	外呼吸
P36	1330	蜜激素	雌激素
P36	1705	肾脚球	肾小球
P37	75	室上课	视上核
P37	648	占地产热	战栗产热
P37	1428	全无同	醛固酮
P37	1621	站立站热	战栗产热
P38	51	呼吸声	呼吸商
P38	56	肺脏通	内脏痛
P38	57	肺脏通	内脏痛
P38	209	上五点	生物电
P38	218	基细胞	壁细胞
P38	229	基细胞	壁细胞
P38	235	着细胞	主细胞
P38	276	上五点	生物电
P38	796	乙醪素	胰岛素
P38	918	远虚小管	远曲小管
P38	932	远虚小管	远曲小管
P38	1222	剂细胞	壁细胞
P38	1223	剂细胞	壁细胞
P38	1227	剂细胞	壁细胞
P39	143	胎排屏障	胎盘屏障
P39	554	远期小管	远曲小管
P39	578	碍血压	低血压
P39	646	数蛋白	视蛋白
P39	695	白蛋白小	白蛋白尿
P39	818	皮质神代位	皮质肾单位
P39	818	神代位	肾单位
P39	819	皮质神代位	皮质肾单位
P39	819	神代位	肾单位
P39	1124	血细胞比用	血细胞比容
P39	1389	批细胞	壁细胞
P39	1474	去吸收	骨吸收
P39	1631	脾细胞	壁细胞
P39	1669	去异化	去极化
P39	1674	体化扩散	易化扩散
P39	1761	液化扩散	易化扩散
P40	9	理学呀	低血压
P40	48	理化去	易化区
P40	283	去吸收	骨吸收
P40	284	去吸收	骨吸收
P40	664	心理视场	心律失常
P40	715	许吸收	骨吸收
P40	907	去吸收	骨吸收
P40	970	实粗细	施呼吸
P41	292	抗利妙激素	抗利尿激素
P41	531	负点位	阈电位
P41	532	负点位	阈电位
P41	665	全无同	醛固酮
P41	667	全无同	醛固酮
P41	672	去吸收	骨吸收
P41	681	去吸收	骨吸收
P41	774	部吸收	骨吸收
P41	794	生负电	生物电
P41	797	生负电	生物电
P41	901	原器小管	远曲小管
P41	913	原器小管	远曲小管
P41	927	原器小管	远曲小管
P41	928	原器小管	远曲小管
P41	938	原器小管	远曲小管
P41	950	原器小管	远曲小管
P41	1164	批细胞	壁细胞
P41	1307	去吸收	骨吸收
P41	1457	密细胞	壁细胞
P41	1582	气分泌	自分泌
P42	147	去异化	去极化
P42	161	水泥尿	水利尿
P42	167	石膀河	室旁核
P42	193	脾制激素	抑制激素
P42	245	时上课	视上核
P42	616	部吸收	骨吸收
P43	1213	脾细胞	壁细胞
P43	1438	批细胞	壁细胞
P44	7	异常自身调解	异长自身调节
P44	15	异常自身调解	异长自身调节
P44	166	批制激素	抑制激素
P44	225	机细胞	壁细胞
P44	229	机细胞	壁细胞
P44	237	机细胞	壁细胞
P44	239	机细胞	壁细胞
P44	403	传老行	传导性
P44	404	传老行	传导性
P44	671	乳吸收	骨吸收
P44	736	球膀气	球旁器
P44	738	肾脚球	肾小球
P44	856	时方合	室旁核
P44	867	时方合	室旁核
P44	954	市王河	室旁核
P44	1001	易刺激	阈刺激
P44	1005	易刺激	阈刺激
P44	1015	易刺激	阈刺激
P44	1029	度强度	阈强度
P44	1261	盐激素	孕激素
P44	1264	脂肪激素	释放激素
P45	376	内生基钙	内生肌酐
P45	590	去形成	骨形成
P45	626	肾糖溢	肾糖阈
P45	826	心知识	心指数
P45	1246	胶剂渗透压	胶体渗透压
P46	64	感觉只	感觉柱
P46	112	学习好	血细胞
P46	225	觉细胞	血细胞
P46	227	觉细胞	血细胞
P46	407	机械压	机械阈
P46	441	心理市场	心律失常
P46	443	心理市场	心律失常
P46	508	觉细胞	血细胞
P46	570	部点位	阈电位
P46	584	波细胞	壁细胞
P46	637	部点位	阈电位
P46	638	部点位	阈电位
P46	645	部点位	阈电位
P46	659	部点位	阈电位
P46	741	感觉指	感觉柱
P46	939	血氧保护度	血氧饱和度
P46	939	氧保护度	氧饱和度
P47	20	生物鞭	生物电
P47	21	纪细胞	壁细胞
P47	32	始复习	施呼吸
P47	33	始复习	施呼吸
P47	33	始复习	施呼吸
P47	45	机细胞	壁细胞
P47	83	经学每	凝血酶
P47	92	天器官	腱器官
P47	116	鼓弥录	骨泌素
P47	479	激松剂	激动剂
P47	830	眼眉呀	眼内压
P47	1054	据已知	去抑制
P47	1642	接壤机	拮抗剂
P47	1855	去反馈	负反馈
P48	461	脊细胞	壁细胞
P48	611	感受地点位	感受器电位
P48	612	感受地点位	感受器电位
P48	618	击细胞	壁细胞
P48	721	斯细胞	壁细胞
P48	727	脊细胞	壁细胞
P48	898	基细胞	壁细胞
P48	1182	基细胞	壁细胞
P48	1387	去形成	骨形成
P48	1589	经济细胞	精子细胞
P48	1589	济细胞	壁细胞
P48	1683	觉细胞	血细胞
P48	1686	白龟管	半规管
P48	1689	计划去	易化区
P48	1735	域化区	易化区
P48	1809	视看细胞	施万细胞
P48	1811	视蓝细胞	施万细胞
P48	1819	去刺激	阈刺激
P48	1960	食物细	施呼吸
P48	1961	食物细	施呼吸
P48	1998	视感继胞	视杆细胞
P48	2078	影示影	明适应
P48	2085	影视觉	明视觉
P48	2518	觉细胞	血细胞
P49	233	医学呀	低血压
P49	1151	传导听	传导性
P49	1985	感受极点位	感受器电位
P49	1987	感受极点位	感受器电位
P49	1988	感受极点位	感受器电位
P49	2034	去电位	阈电位
P49	2074	内部细	内呼吸
P49	2163	觉细胞	血细胞
P49	2164	觉细胞	血细胞
P49	2165	觉细胞	血细胞
P49	2167	极化去	易化区
P49	2470	实际刺激	适宜刺激
P50	310	脚反射	腱反射
P50	311	脚反射	腱反射
P50	317	高中枢	饱中枢
P50	443	中式神经系统	中枢神经系统
P50	448	中式神经系统	中枢神经系统
P50	487	益细胞	壁细胞
P50	490	霸细胞	壁细胞
P50	556	连接来	连接肽
P50	641	抑制部	抑制区
P50	719	神经基有接头	神经肌肉接头
P50	773	基感蛋白	肌钙蛋白
P50	777	登上自身调解	等长自身调节
P50	912	感受刺	感受器
P50	917	影激素	凝集素
P50	919	十方核	室旁核
P50	923	影激素	凝集素
P50	972	命纪元	凝集原
P50	1052	立长期	低常期
P50	1063	续计化	去极化
P50	1066	续计化	去极化
P50	1346	部点微	阈电位
P50	1361	静气电位	静息电位
P50	1429	去电位	阈电位
P50	1797	着细胞	主细胞
P50	1909	基细胞	壁细胞
P50	1931	周强运输	轴浆运输
P50	1936	周强运输	轴浆运输
P50	2090	狼狈节	郎飞结
P50	2092	神经较致	神经调质
P50	2097	风气连接	缝隙连接
P51	411	始复习	施呼吸
P51	626	神经粒质	神经递质
P51	663	防止严格	房室延搁
P51	708	使用生	失用症
P51	847	变突出	电突触
P51	857	变突出	电突触
P51	1040	市场盒	视上核
P51	1041	市场盒	视上核
P51	1132	神经体质	神经递质
P51	1795	感觉奇怪	感觉器官
P52	43	理学呀	低血压
P52	185	理学呀	低血压
P52	617	物垫位	阈电位
P52	749	变突出	电突触
P52	1000	传到另	传导性
P52	1083	变突出	电突触
P52	1306	气细胞	壁细胞
P52	1321	气细胞	壁细胞
P52	1574	神经体质	神经递质
P52	1758	充摄取	重摄取
P53	11	心路市场	心律失常
P53	41	呼吸障	呼吸商
P53	185	机动系	激动剂
P53	360	去激活	去极化
P53	366	谁听到	水通道
P53	385	重白点位	终板电位
P53	441	去刺激	阈刺激
P53	529	去刺激	阈刺激
P53	559	高中书	饱中枢
P53	594	去刺激	阈刺激
P53	672	力紧张	肌紧张
P53	949	中板变位	终板电位
P53	958	机动系	激动剂
P53	1027	中盘膜	终板膜
P53	1041	中盘膜	终板膜
P53	1530	呼吸手	骨吸收
P53	1786	始复习	施呼吸
P53	2140	神经移植	神经递质
P53	2210	代白基酶	蛋白激酶
P53	2211	代白基酶	蛋白激酶
P53	2233	超气化	超极化
P53	2273	谁听到	水通道
P53	2541	放电位	锋电位
P53	2711	连接再	连接肽
P54	62	道中枢	饱中枢
P54	103	必须包	壁细胞
P54	412	常积累	肠激酶
P54	468	互意志	去抑制
P54	584	结抗移	拮抗剂
P54	758	接抗期	拮抗剂
P54	930	传入测试意志	传入侧支抑制
P54	931	互意志	去抑制
P54	945	传入测试意志	传入侧支抑制
P54	963	传入测试意志	传入侧支抑制
P54	978	传入测试意志	传入侧支抑制
P54	1019	解放济	拮抗剂
P54	1030	揣入侧制意志	传入侧支抑制
P54	1061	传入测试意志	传入侧支抑制
P55	4	传入测试意志	传入侧支抑制
P55	24	意志四	抑制素
P55	60	意志四	抑制素
P55	81	半国管	半规管
P55	83	半国管	半规管
P55	84	半国管	半规管
P55	97	学习药	血细胞
P55	104	抑制死	抑制素
P55	128	抑制记录	抑制激素
P55	248	传入测试意志	传入侧支抑制
P55	259	趋地化	去极化
P55	278	趋地化	去极化
P55	290	趋地化	去极化
P55	292	趋地化	去极化
P55	293	趋地化	去极化
P55	295	趋地化	去极化
P55	297	趋地化	去极化
P55	301	趋地化	去极化
P55	301	趋地化	去极化
P55	302	趋地化	去极化
P55	303	趋地化	去极化
P55	317	趋地化	去极化
P55	322	趋地化	去极化
P55	333	趋地化	去极化
P55	335	摩天位	膜电位
P55	369	变突出	电突触
P55	383	变突出	电突触
P55	559	意志同	皮质酮
P55	1122	路传到	骨传导
P55	1142	束旁河	室旁核
P55	1255	有符合	后负荷
P55	1286	树旁核	室旁核
P55	1296	种树去	重摄取
P55	1448	机动系	激动剂
P55	1456	内脏疼	内脏痛
P56	18	机动系	激动剂
P56	30	机动系	激动剂
P56	69	感觉奇怪	感觉器官
P56	483	精细正立	静息张力
P56	540	皮层支	皮层柱
P56	540	皮层支	皮层柱
P56	561	同俗话	同步化
P56	712	觉精细	绝经期
P56	787	具体感觉	躯体感觉
P56	788	具体感觉	躯体感觉
P56	1030	渐突出	电突触
P56	1451	突出现意化	突触前易化
P56	1467	突出现意化	突触前易化
P56	1633	感觉奇怪	感觉器官
P56	1667	谁听到	水通道
P57	4	心知识	心指数
P57	65	动作变位	动作电位
P57	65	跳跃式转导	跳跃式传导
P57	75	心理失常	心律失常
P57	120	自己塑	雌激素
P57	174	些抗击	拮抗剂
P57	185	提层级随数	皮层脊髓束
P57	250	谁听到	水通道
P57	763	尿出流	尿潴留
P57	776	尿出流	尿潴留
P57	790	中枢去	重摄取
P57	814	尿储留	尿潴留
P57	821	尿储留	尿潴留
P57	911	皮层支	皮层柱
P57	937	脸反射	腱反射
P57	1035	鸟出流	尿潴留
P57	1206	尿储留	尿潴留
P57	1208	尿储留	尿潴留
P57	1225	尿储留	尿潴留
P57	1565	鸟处流	尿潴留
P57	1627	前反射	腱反射
P57	1738	肩板设	腱反射
P57	1854	尿处流	尿潴留
P58	14	帕金森定	帕金森病
P58	68	借反射	近反射
P58	195	脊丘科	脊休克
P58	196	脊丘科	脊休克
P58	342	尿储留	尿潴留
P58	343	鞭反射	腱反射
P58	353	尿储留	尿潴留
P58	355	鞭反射	腱反射
P58	357	尿储留	尿潴留
P58	486	连反射	腱反射
P58	571	间感射	腱反射
P58	852	去意识	去抑制
P58	894	较间反射	条件反射
P58	1043	心知识	心指数
P58	1203	感受缩	单收缩
P58	1207	感受缩	单收缩
P58	1344	谁听到	水通道
P58	1394	孙内基纤维	梭内肌纤维
P59	28	复习上	呼吸商
P59	39	谁听到	水通道
P59	209	借反射	近反射
P59	541	肌肉突	肌肉素
P59	972	复返回	负反馈
P59	1097	欠上反射	牵张反射
P59	1554	机动系	激动剂
P59	1928	皮层指	皮层柱
P60	49	皮层直	皮层柱
P60	51	皮层直	皮层柱
P60	52	皮层直	皮层柱
P60	93	怪戒眼	关节炎
P60	525	纳甲蚌	钠钾泵
P60	527	纳甲蚌	钠钾泵
P60	528	纳甲蚌	钠钾泵
P60	548	纳甲蚌	钠钾泵
P60	550	基细胞	壁细胞
P60	553	基细胞	壁细胞
P60	560	基细胞	壁细胞
P60	621	叫去抑制	交互抑制
P60	623	叫去抑制	交互抑制
P60	672	叫去抑制	交互抑制
P60	932	叫去意志	交互抑制
P60	968	叫去意志	交互抑制
P60	1089	学习考	血细胞
P60	1111	链解开	连接肽
P60	1126	低阴性	基因型
P60	1132	低阴性	基因型
P60	1135	低阴性	基因型
P60	1157	高中数	饱中枢
P60	1579	皮层只	皮层柱
P60	1760	谁听到	水通道
P60	1960	直接同理	直捷通路
P61	36	器小结	肌小节
P61	61	肌肉粗	肌肉素
P61	160	感觉奇怪	感觉器官
P61	207	器小节	肌小节
P61	306	去异化	去极化
P61	388	皮层支	皮层柱
P61	468	脊丘科	脊休克
P61	469	脊丘科	脊休克
P62	63	肌肉辅	肌肉素
P62	495	线体细胞	前体细胞
P62	504	到内分泌	胞内分泌
P62	653	代白尿	蛋白尿
P62	655	代白尿	蛋白尿
P62	722	蜜激素	雌激素
P62	959	叫失禁	尿失禁
P62	1100	高中枢	饱中枢
P62	1225	视膀盒	室旁核
P62	1229	视膀盒	室旁核
P62	1281	到内分泌	胞内分泌
P62	1350	高中数	饱中枢
P62	1496	高中枢	饱中枢
P62	1569	高种数	饱中枢
P62	1605	适合吸	施呼吸
P63	6	去形成	骨形成
P63	191	批层只	皮层柱
P63	1042	具体感觉	躯体感觉
P63	1093	图刺激	阈刺激
P63	1182	机动系	激动剂
P63	1279	面突出	电突触
P63	1280	突出后变位	突触后电位
P63	1330	种实验	正视眼
P63	1745	得第七	科蒂器
P64	46	意刺激	阈刺激
P64	107	学习到	血细胞
P64	249	四到周	胰岛轴
P64	359	叫反射	腱反射
P64	453	价反射	近反射
P64	460	价反射	近反射
P64	478	价反射	近反射
P64	479	价反射	近反射
P64	491	价反射	近反射
P64	494	价反射	近反射
P64	496	价反射	近反射
P64	504	价反射	近反射
P64	506	价反射	近反射
P64	658	前载起泊点	潜在起搏点
P64	1279	带收缩	单收缩
P64	1374	区刺激	阈刺激
P64	1588	诗语证	失读症
P64	1589	诗语证	失读症
P65	59	腺器官	腱器官
P65	111	释放核	室旁核
P65	125	蜜激素	雌激素
P65	129	蜜细胞	壁细胞
P65	202	胃蛋白胃元	胃蛋白酶原
P65	202	胃蛋白胃	胃蛋白酶
P65	203	胰蛋白胃元	胰蛋白酶原
P65	203	胰蛋白胃	胰蛋白酶
P65	284	肾肠腺素	肾上腺素
P65	291	肌激素	雌激素
P65	509	能激素	凝集素
P65	545	体化扩散	易化扩散
P65	818	到内分泌	胞内分泌
P65	845	主席好	主细胞
P65	954	代白磷酸化	蛋白磷酸化
P65	996	皮激素	雌激素
P65	1013	习细胞	壁细胞
P65	1056	去激活	去极化
P65	1100	性基素	凝集素
P65	1102	性基素	凝集素
P65	1108	细细胞	壁细胞
P66	102	机械堵	机械阈
P66	333	抗泌尿基素	抗利尿激素
P66	334	水泥尿	水利尿
P66	337	己分泌	自分泌
P66	361	释放核	室旁核
P66	741	沙上河	视上核
P66	878	皮质用	皮质酮
P66	901	到内分泌	胞内分泌
P66	923	气激素	雌激素
P66	927	气激素	雌激素
P66	988	去皮质	去抑制
P66	1172	感觉习惯	感觉器官
P66	1279	理激素	雌激素
P66	1433	八细胞	壁细胞
P66	1455	八细胞	壁细胞
P66	1548	蜜激素	雌激素
P66	1584	复返归	负反馈
P66	1619	蜜激素	雌激素
P66	1640	复返回	负反馈
P66	1646	复返回	负反馈
P66	1692	发现周	靶腺轴
P66	1765	复返会	负反馈
P66	1793	运气素	孕激素
P66	1797	蜜激素	雌激素
P66	1823	力转移	氯转移
P66	2027	释糖核	室旁核
P66	2028	释糖核	室旁核
P66	2142	抗泥尿激素	抗利尿激素
P66	2162	命激素	凝集素
P67	6	脾质激素	抑制激素
P67	30	到内分泌	胞内分泌
P67	361	纳甲梦	钠钾泵
P67	362	纳甲梦	钠钾泵
P67	368	纳甲梦	钠钾泵
P67	370	纳甲梦	钠钾泵
P67	386	纳甲梦	钠钾泵
P67	394	纳甲梦	钠钾泵
P67	549	打线轴	靶腺轴
P67	563	复返回	负反馈
P67	1171	气球蛋白	肌球蛋白
P67	1174	气球蛋白	肌球蛋白
P68	194	使用中	失用症
P68	313	应激素	凝集素
P68	315	氢化可提松	氢化可的松
P68	495	甲状腺几乎	甲状腺激素
P68	622	生长益素	生长激素
P68	627	生长益素	生长激素
P69	188	来火化	钙火花
P69	268	外活化	钙火花
P69	442	素激化	去极化
P69	471	强分子	腔分泌
P70	6	复返规	负反馈
P70	13	复返规	负反馈
P70	21	氢化可提松	氢化可的松
P70	28	复返会	负反馈
P70	46	氢化可提松	氢化可的松
P70	61	氢化可提松	氢化可的松
P70	64	氢化可提松	氢化可的松
P70	68	氢化可提松	氢化可的松
P70	77	氢化可提松	氢化可的松
P70	79	氢化可提松	氢化可的松
P70	81	氢化可提松	氢化可的松
P70	84	氢化可提松	氢化可的松
P70	94	氢化可提松	氢化可的松
P70	97	氢化可提松	氢化可的松
P70	101	氢化可提松	氢化可的松
P70	105	氢化可提松	氢化可的松
P70	130	蛋白叫	蛋白尿
P70	215	负点位	阈电位
P70	241	氢化可提松	氢化可的松
P70	242	氢化可提松	氢化可的松
P70	291	盐激素	孕激素
P70	358	视图几	树突棘
P70	558	胃蛋白胃	胃蛋白酶
P70	564	热剂负	热习服
P70	653	皮肌素	雌激素
P70	672	感觉舒	感觉柱
P70	762	怀基胎	缓激肽
P70	806	去皮质	去抑制
P70	828	去皮质	去抑制
P70	1283	脾脂激素	抑制激素
P70	1292	脾脂激素	抑制激素
P70	1303	脾脂激素	抑制激素
P70	1306	脾脂激素	抑制激素
P70	1309	脾脂激素	抑制激素
P70	1320	脾脂激素	抑制激素
P70	1325	全五统	醛固酮
P70	1326	脾脂激素	抑制激素
P70	1327	脾脂激素	抑制激素
P70	1333	去刺激	阈刺激
P70	1333	脾激素	雌激素
P70	1363	皮肌素	雌激素
P70	1388	性基素	凝集素
P70	1395	性基素	凝集素
P70	1546	屎膀核	室旁核
P70	1549	屎膀核	室旁核
P70	1558	屎膀核	室旁核
P70	1562	屎膀核	室旁核
P70	1571	屎膀核	室旁核
P70	1574	屎膀核	室旁核
P70	1609	复返回	负反馈
P70	1612	己调节	肌小节
P70	1614	生反馈	正反馈
P70	1617	生反馈	正反馈
P70	1646	脂肪激素	释放激素
P70	1655	皮质塑	抑制素
P70	1685	负反规	负反馈
P70	1704	皮激素	雌激素
P70	1707	皮激素	雌激素
P70	1709	皮激素	雌激素
P70	1724	皮激素	雌激素
P70	2030	收缩它	收缩压
P70	2106	皮激素	雌激素
P71	16	胰岛素算	胰岛素原
P71	81	乙细胞	壁细胞
P71	81	乙细胞	壁细胞
P71	81	乙细胞	壁细胞
P71	622	相分泌	腔分泌
P71	623	相分泌	腔分泌
P71	624	相分泌	腔分泌
P71	657	刺激育	雌激素
P71	690	神经款	神经元
P71	919	缩蛋狼素	缩胆囊素
P71	953	促刺激	阈刺激
P71	955	盐激素	孕激素
P71	955	肤激素	促激素
P71	958	皮肌素	雌激素
P71	965	腥肌素	凝集素
P72	629	摩天威	膜电位
P72	633	摩天威	膜电位
P72	994	抑制气	抑制区
P72	1358	着细胞	主细胞
P72	1387	熟细胞	主细胞
P72	1827	只细胞	主细胞
P72	1926	着细胞	主细胞
P72	1962	着细胞	主细胞
P72	2184	使取息	施呼吸
P72	2387	遇到素	胰岛素
P72	2478	着细胞	主细胞
P72	2479	着细胞	主细胞
P72	2490	保屏障	睾屏障
P73	71	习细胞	壁细胞
P73	186	衡点位	锋电位
P73	193	衡点位	锋电位
P73	603	心知识	心指数
P73	1531	软泡闭锁	卵泡闭锁
P73	1917	氧分泌	旁分泌
P73	1918	氧分泌	旁分泌
P73	2033	腹形成	骨形成
P73	2219	度雌激	阈刺激
P73	2257	氢激素	凝集素
P73	2273	向分泌	腔分泌
P73	2281	抑制器	抑制区
P73	2325	时候两	视后像
P73	2332	单手做	单收缩
P73	2589	素磁基	阈刺激
